iter	Logloss
0	0.6609210362
1	0.6158971156
2	0.5932221045
3	0.578229368
4	0.5531914035
5	0.5352768215
